<?xml version='1.0' encoding='utf-8'?>
<!DOCTYPE hibernate-configuration PUBLIC
        "-//Hibernate/Hibernate Configuration DTD 3.0//EN"
        "http://www.hibernate.org/dtd/hibernate-configuration-3.0.dtd">
<hibernate-configuration>       
  <session-factory>
    <!-- Database connection settings -->
    <property name="connection.driver_class">com.mysql.jdbc.Driver</property>
    <property name="connection.url">jdbc:mysql://127.0.0.1/lpbd</property>
    <property name="connection.username">aluno</property>
    <property name="connection.password">4@11</property>
	
	<property name="show_sql">true</property>
     
    <mapping resource="Pck_Model/TesteModel.hbm.xml"/>
  </session-factory>
</hibernate-configuration>